#node1	node2	node1_string_id	node2_string_id	neighborhood_on_chromosome	gene_fusion	phylogenetic_cooccurrence	homology	coexpression	experimentally_determined_interaction	database_annotated	automated_textmining	combined_score
ADAMTS20	SLC45A2	9606.ENSP00000374071	9606.ENSP00000296589	0	0	0	0	0.056	0	0	0.450	0.458
ADAMTS20	ADAMTS9	9606.ENSP00000374071	9606.ENSP00000418735	0	0	0.066	0.945	0	0	0	0.398	0.414
ADAMTS20	DCT	9606.ENSP00000374071	9606.ENSP00000392762	0	0	0	0	0.059	0	0	0.418	0.429
ANKRD27	RAB38	9606.ENSP00000304292	9606.ENSP00000243662	0	0	0	0	0	0.095	0	0.889	0.895
ANKRD27	RAB11A	9606.ENSP00000304292	9606.ENSP00000261890	0	0	0	0	0.067	0.102	0	0.340	0.400
ANKRD27	TYRP1	9606.ENSP00000304292	9606.ENSP00000373570	0	0	0	0	0.064	0.098	0	0.368	0.420
ANKRD27	AP3D1	9606.ENSP00000304292	9606.ENSP00000495274	0	0	0	0	0.049	0.063	0	0.523	0.538
ANKRD27	HPS4	9606.ENSP00000304292	9606.ENSP00000381213	0	0	0	0	0.060	0	0	0.539	0.548
ANKRD27	RAB32	9606.ENSP00000304292	9606.ENSP00000356465	0	0	0	0	0.042	0.901	0	0.951	0.994
AP1B1	AP3B1	9606.ENSP00000350199	9606.ENSP00000255194	0	0	0	0.661	0.058	0.091	0.540	0.317	0.694
AP1B1	KIF13A	9606.ENSP00000350199	9606.ENSP00000259711	0	0	0	0	0	0.477	0	0.925	0.959
AP1B1	ARCN1	9606.ENSP00000350199	9606.ENSP00000264028	0	0	0	0	0.099	0	0	0.363	0.402
AP1B1	BLOC1S4	9606.ENSP00000350199	9606.ENSP00000318128	0	0	0	0	0	0	0.500	0	0.499
AP1B1	AP3S1	9606.ENSP00000350199	9606.ENSP00000325369	0	0	0	0	0.054	0	0.540	0.174	0.609
AP1B1	AP1S1	9606.ENSP00000350199	9606.ENSP00000336666	0	0	0	0	0.067	0.926	0.900	0.888	0.999
AP1B1	AP3S2	9606.ENSP00000350199	9606.ENSP00000338777	0	0	0	0	0.060	0	0.540	0.176	0.612
AP1B1	DTNBP1	9606.ENSP00000350199	9606.ENSP00000341680	0	0	0	0	0	0	0.500	0	0.499
AP1B1	AP3M1	9606.ENSP00000350199	9606.ENSP00000347408	0	0	0	0	0.055	0	0.540	0.415	0.723
AP1B1	BLOC1S3	9606.ENSP00000350199	9606.ENSP00000393840	0	0	0	0	0	0	0.500	0	0.499
AP1B1	BLOC1S6	9606.ENSP00000350199	9606.ENSP00000456851	0	0	0	0	0	0	0.500	0	0.499
AP1B1	BLOC1S1	9606.ENSP00000350199	9606.ENSP00000447537	0	0	0	0	0.065	0	0.500	0	0.512
AP1B1	SNAPIN	9606.ENSP00000350199	9606.ENSP00000357674	0	0	0	0	0.067	0	0.500	0.090	0.538
AP1B1	AP3D1	9606.ENSP00000350199	9606.ENSP00000495274	0	0	0	0.553	0.193	0.429	0.540	0.350	0.844
AP1B1	AP1S3	9606.ENSP00000350199	9606.ENSP00000379891	0	0	0	0	0	0.968	0.900	0.375	0.997
AP1B1	AP1S2	9606.ENSP00000350199	9606.ENSP00000500695	0	0	0	0	0.054	0.924	0.900	0.818	0.998
AP1B1	AP1M1	9606.ENSP00000350199	9606.ENSP00000388996	0	0	0	0	0.118	0.991	0.900	0.724	0.999
AP1B1	AP1G1	9606.ENSP00000350199	9606.ENSP00000377148	0	0	0	0.555	0.191	0.994	0.900	0.618	0.999
AP1G1	BBS2	9606.ENSP00000377148	9606.ENSP00000245157	0	0	0	0	0.049	0	0	0.761	0.762
AP1G1	AP3B1	9606.ENSP00000377148	9606.ENSP00000255194	0	0	0	0	0.111	0.405	0.540	0.548	0.875
AP1G1	RAB11A	9606.ENSP00000377148	9606.ENSP00000261890	0	0	0	0	0.104	0.128	0	0.343	0.442
AP1G1	ARCN1	9606.ENSP00000377148	9606.ENSP00000264028	0	0	0	0	0.286	0	0	0.204	0.407
AP1G1	BBS7	9606.ENSP00000377148	9606.ENSP00000264499	0	0	0	0	0	0	0	0.766	0.766
AP1G1	BBS4	9606.ENSP00000377148	9606.ENSP00000268057	0	0	0	0	0	0.071	0	0.719	0.727
AP1G1	BBS5	9606.ENSP00000377148	9606.ENSP00000295240	0	0	0	0	0	0	0	0.765	0.765
AP1G1	BLOC1S4	9606.ENSP00000377148	9606.ENSP00000318128	0	0	0	0	0	0	0.500	0	0.499
AP1G1	AP3S1	9606.ENSP00000377148	9606.ENSP00000325369	0	0	0	0	0.042	0.306	0.540	0.680	0.889
AP1G1	AP1S1	9606.ENSP00000377148	9606.ENSP00000336666	0	0	0	0	0.058	0.937	0.900	0.794	0.998
AP1G1	AP3S2	9606.ENSP00000377148	9606.ENSP00000338777	0	0	0	0	0.049	0.306	0.540	0.513	0.832
AP1G1	DTNBP1	9606.ENSP00000377148	9606.ENSP00000341680	0	0	0	0	0	0	0.500	0.054	0.506
AP1G1	AP3M1	9606.ENSP00000377148	9606.ENSP00000347408	0	0	0	0	0.092	0.390	0.540	0.665	0.903
AP1G1	SNAPIN	9606.ENSP00000377148	9606.ENSP00000357674	0	0	0	0	0.058	0.088	0.500	0.062	0.543
AP1G1	BLOC1S3	9606.ENSP00000377148	9606.ENSP00000393840	0	0	0	0	0	0	0.500	0	0.499
AP1G1	BLOC1S6	9606.ENSP00000377148	9606.ENSP00000456851	0	0	0	0	0.053	0	0.500	0.073	0.522
AP1G1	BLOC1S1	9606.ENSP00000377148	9606.ENSP00000447537	0	0	0	0	0.064	0.070	0.500	0	0.526
AP1G1	AP3D1	9606.ENSP00000377148	9606.ENSP00000495274	0	0	0	0.599	0.126	0.102	0.540	0.347	0.733
AP1G1	AP1S2	9606.ENSP00000377148	9606.ENSP00000500695	0	0	0	0	0.044	0.952	0.900	0.464	0.997
AP1G1	AP1S3	9606.ENSP00000377148	9606.ENSP00000379891	0	0	0	0	0.042	0.978	0.900	0.609	0.999
AP1G1	AP1M1	9606.ENSP00000377148	9606.ENSP00000388996	0	0	0	0	0.122	0.993	0.900	0.925	0.999
AP1M1	AP3B1	9606.ENSP00000388996	9606.ENSP00000255194	0	0	0	0	0.242	0	0.540	0.208	0.699
AP1M1	BLOC1S4	9606.ENSP00000388996	9606.ENSP00000318128	0	0	0	0	0.060	0	0.500	0	0.509
AP1M1	AP3S1	9606.ENSP00000388996	9606.ENSP00000325369	0	0	0	0	0.049	0	0.540	0.694	0.854
AP1M1	AP1S1	9606.ENSP00000388996	9606.ENSP00000336666	0	0	0	0	0.054	0.903	0.900	0.993	0.999
AP1M1	AP3S2	9606.ENSP00000388996	9606.ENSP00000338777	0	0	0	0	0.074	0	0.540	0.543	0.788
AP1M1	DTNBP1	9606.ENSP00000388996	9606.ENSP00000341680	0	0	0	0	0	0	0.500	0	0.499
AP1M1	AP3M1	9606.ENSP00000388996	9606.ENSP00000347408	0	0	0	0.757	0.163	0.071	0.540	0.267	0.702
AP1M1	SNAPIN	9606.ENSP00000388996	9606.ENSP00000357674	0	0	0	0	0.080	0	0.500	0	0.520
AP1M1	AP1S3	9606.ENSP00000388996	9606.ENSP00000379891	0	0	0	0	0	0.939	0.900	0.685	0.997
AP1M1	BLOC1S6	9606.ENSP00000388996	9606.ENSP00000456851	0	0	0	0	0.049	0	0.500	0	0.504
AP1M1	BLOC1S1	9606.ENSP00000388996	9606.ENSP00000447537	0	0	0	0	0.050	0	0.500	0	0.504
AP1M1	BLOC1S3	9606.ENSP00000388996	9606.ENSP00000393840	0	0	0	0	0.042	0	0.500	0.078	0.519
AP1M1	AP3D1	9606.ENSP00000388996	9606.ENSP00000495274	0	0	0	0	0.213	0.381	0.540	0.517	0.877
AP1M1	AP1S2	9606.ENSP00000388996	9606.ENSP00000500695	0	0	0	0	0.060	0.937	0.900	0.955	0.999
AP1S1	AP3B1	9606.ENSP00000336666	9606.ENSP00000255194	0	0	0	0	0.071	0	0.540	0.296	0.673
AP1S1	BLOC1S4	9606.ENSP00000336666	9606.ENSP00000318128	0	0	0	0	0	0	0.500	0	0.499
AP1S1	AP3S1	9606.ENSP00000336666	9606.ENSP00000325369	0	0	0	0.866	0.048	0	0.900	0.138	0.910
AP1S1	VPS33B	9606.ENSP00000336666	9606.ENSP00000327650	0	0	0	0	0.067	0	0	0.410	0.426
AP1S1	ATP7A	9606.ENSP00000336666	9606.ENSP00000345728	0	0	0	0	0	0	0	0.451	0.451
AP1S1	BLOC1S6	9606.ENSP00000336666	9606.ENSP00000456851	0	0	0	0	0	0	0.500	0	0.499
AP1S1	BLOC1S3	9606.ENSP00000336666	9606.ENSP00000393840	0	0	0	0	0	0	0.500	0	0.499
AP1S1	DTNBP1	9606.ENSP00000336666	9606.ENSP00000341680	0	0	0	0	0.049	0	0.500	0	0.504
AP1S1	BLOC1S1	9606.ENSP00000336666	9606.ENSP00000447537	0	0	0	0	0.082	0	0.500	0	0.521
AP1S1	SNAPIN	9606.ENSP00000336666	9606.ENSP00000357674	0	0	0	0	0.097	0	0.500	0	0.529
AP1S1	AP3M1	9606.ENSP00000336666	9606.ENSP00000347408	0	0	0	0	0.044	0	0.540	0.318	0.673
AP1S1	AP3D1	9606.ENSP00000336666	9606.ENSP00000495274	0	0	0	0	0.067	0.320	0.540	0.375	0.793
AP1S1	AP1S3	9606.ENSP00000336666	9606.ENSP00000379891	0	0	0.055	0.971	0.042	0	0.900	0.054	0.902
AP1S1	AP3S2	9606.ENSP00000336666	9606.ENSP00000338777	0	0	0	0.869	0	0	0.900	0.120	0.908
AP1S1	AP1S2	9606.ENSP00000336666	9606.ENSP00000500695	0	0	0.050	0.981	0.042	0.238	0.900	0.332	0.945
AP1S2	AP3B1	9606.ENSP00000500695	9606.ENSP00000255194	0	0	0	0	0.061	0	0.540	0.150	0.601
AP1S2	TYR	9606.ENSP00000500695	9606.ENSP00000263321	0	0	0	0	0.050	0	0	0.454	0.459
AP1S2	BLOC1S4	9606.ENSP00000500695	9606.ENSP00000318128	0	0	0	0	0	0	0.500	0	0.499
AP1S2	AP3S1	9606.ENSP00000500695	9606.ENSP00000325369	0	0	0	0.864	0.084	0	0.720	0.107	0.751
AP1S2	AP3S2	9606.ENSP00000500695	9606.ENSP00000338777	0	0	0	0.865	0	0	0.720	0.111	0.740
AP1S2	DTNBP1	9606.ENSP00000500695	9606.ENSP00000341680	0	0	0	0	0	0	0.500	0	0.499
AP1S2	AP3M1	9606.ENSP00000500695	9606.ENSP00000347408	0	0	0	0	0.043	0	0.540	0.358	0.692
AP1S2	SNAPIN	9606.ENSP00000500695	9606.ENSP00000357674	0	0	0	0	0.048	0	0.500	0	0.503
AP1S2	AP1S3	9606.ENSP00000500695	9606.ENSP00000379891	0	0	0.054	0.972	0	0	0.900	0.052	0.902
AP1S2	BLOC1S3	9606.ENSP00000500695	9606.ENSP00000393840	0	0	0	0	0	0	0.500	0	0.499
AP1S2	BLOC1S1	9606.ENSP00000500695	9606.ENSP00000447537	0	0	0	0	0.045	0	0.500	0	0.502
AP1S2	BLOC1S6	9606.ENSP00000500695	9606.ENSP00000456851	0	0	0	0	0.061	0	0.500	0	0.510
AP1S2	AP3D1	9606.ENSP00000500695	9606.ENSP00000495274	0	0	0	0	0.044	0.320	0.540	0.202	0.729
AP1S3	AP3B1	9606.ENSP00000379891	9606.ENSP00000255194	0	0	0	0	0.059	0	0.540	0.115	0.583
AP1S3	KIF13A	9606.ENSP00000379891	9606.ENSP00000259711	0	0	0	0	0	0.609	0	0.055	0.614
AP1S3	BLOC1S4	9606.ENSP00000379891	9606.ENSP00000318128	0	0	0	0	0	0	0.500	0	0.499
AP1S3	AP3S1	9606.ENSP00000379891	9606.ENSP00000325369	0	0	0	0.849	0	0	0.540	0.082	0.559
AP1S3	AP3S2	9606.ENSP00000379891	9606.ENSP00000338777	0	0	0	0.866	0	0	0.540	0.081	0.559
AP1S3	DTNBP1	9606.ENSP00000379891	9606.ENSP00000341680	0	0	0	0	0	0	0.500	0	0.499
AP1S3	AP3M1	9606.ENSP00000379891	9606.ENSP00000347408	0	0	0	0	0	0	0.540	0.335	0.681
AP1S3	SNAPIN	9606.ENSP00000379891	9606.ENSP00000357674	0	0	0	0	0	0	0.500	0	0.499
AP1S3	BLOC1S1	9606.ENSP00000379891	9606.ENSP00000447537	0	0	0	0	0	0	0.500	0	0.499
AP1S3	BLOC1S6	9606.ENSP00000379891	9606.ENSP00000456851	0	0	0	0	0.055	0	0.500	0	0.507
AP1S3	BLOC1S3	9606.ENSP00000379891	9606.ENSP00000393840	0	0	0	0	0	0	0.500	0.157	0.560
AP1S3	AP3D1	9606.ENSP00000379891	9606.ENSP00000495274	0	0	0	0	0	0.320	0.540	0.327	0.771
AP3B1	SLC45A2	9606.ENSP00000255194	9606.ENSP00000296589	0	0	0	0	0.099	0	0	0.385	0.422
AP3B1	LRMDA	9606.ENSP00000255194	9606.ENSP00000480240	0	0	0	0	0	0	0	0.480	0.480
AP3B1	BCL2L11	9606.ENSP00000255194	9606.ENSP00000376943	0	0	0	0	0	0	0.500	0	0.499
AP3B1	TYRP1	9606.ENSP00000255194	9606.ENSP00000373570	0	0	0	0	0	0.065	0	0.495	0.507
AP3B1	BLOC1S4	9606.ENSP00000255194	9606.ENSP00000318128	0	0	0	0	0	0	0.500	0.070	0.515
AP3B1	BLOC1S1	9606.ENSP00000255194	9606.ENSP00000447537	0	0	0	0	0.049	0.079	0.500	0.262	0.633
AP3B1	SNAPIN	9606.ENSP00000255194	9606.ENSP00000357674	0	0	0	0	0.049	0.094	0.500	0.248	0.633
AP3B1	CD63	9606.ENSP00000255194	9606.ENSP00000447730	0	0	0	0	0.044	0	0	0.661	0.662
AP3B1	RAB27A	9606.ENSP00000255194	9606.ENSP00000379601	0	0	0	0	0.049	0	0	0.663	0.665
AP3B1	LYST	9606.ENSP00000255194	9606.ENSP00000374443	0	0	0	0	0.049	0.071	0	0.797	0.805
AP3B1	HPS5	9606.ENSP00000255194	9606.ENSP00000265967	0	0	0	0	0.056	0	0	0.825	0.827
AP3B1	HPS6	9606.ENSP00000255194	9606.ENSP00000299238	0	0	0	0	0.049	0	0	0.841	0.842
AP3B1	BLOC1S6	9606.ENSP00000255194	9606.ENSP00000456851	0	0	0	0	0.049	0	0.500	0.723	0.857
AP3B1	DTNBP1	9606.ENSP00000255194	9606.ENSP00000341680	0	0	0	0	0	0.204	0.500	0.719	0.878
AP3B1	BLOC1S3	9606.ENSP00000255194	9606.ENSP00000393840	0	0	0	0	0	0	0.500	0.836	0.914
AP3B1	HPS3	9606.ENSP00000255194	9606.ENSP00000296051	0	0	0	0	0.101	0	0	0.924	0.929
AP3B1	HPS4	9606.ENSP00000255194	9606.ENSP00000381213	0	0	0	0	0.060	0	0	0.933	0.935
AP3B1	AP3S2	9606.ENSP00000255194	9606.ENSP00000338777	0	0	0	0	0.060	0.617	0.900	0.539	0.981
AP3B1	AP3S1	9606.ENSP00000255194	9606.ENSP00000325369	0	0	0	0	0.072	0.923	0.900	0.894	0.999
AP3B1	AP3M1	9606.ENSP00000255194	9606.ENSP00000347408	0	0	0	0	0.765	0.953	0.900	0.888	0.999
AP3B1	AP3D1	9606.ENSP00000255194	9606.ENSP00000495274	0	0	0	0	0.683	0.977	0.540	0.929	0.999
AP3D1	FIG4	9606.ENSP00000495274	9606.ENSP00000230124	0	0	0	0	0.042	0	0	0.428	0.429
AP3D1	ARCN1	9606.ENSP00000495274	9606.ENSP00000264028	0	0	0	0	0.094	0	0	0.367	0.402
AP3D1	HPS5	9606.ENSP00000495274	9606.ENSP00000265967	0	0	0	0	0.068	0.088	0	0.705	0.728
AP3D1	VPS33A	9606.ENSP00000495274	9606.ENSP00000267199	0	0	0	0	0.067	0.330	0	0.414	0.602
AP3D1	HPS3	9606.ENSP00000495274	9606.ENSP00000296051	0	0	0	0	0.044	0	0	0.726	0.727
AP3D1	HPS6	9606.ENSP00000495274	9606.ENSP00000299238	0	0	0	0	0.061	0	0	0.683	0.689
AP3D1	AP3S1	9606.ENSP00000495274	9606.ENSP00000325369	0	0	0	0	0.054	0.967	0.540	0.960	0.999
AP3D1	VPS33B	9606.ENSP00000495274	9606.ENSP00000327650	0	0	0	0	0.058	0.330	0	0.400	0.589
AP3D1	AP3S2	9606.ENSP00000495274	9606.ENSP00000338777	0	0	0	0	0.049	0.869	0.540	0.962	0.997
AP3D1	DTNBP1	9606.ENSP00000495274	9606.ENSP00000341680	0	0	0	0	0.049	0.241	0	0.419	0.544
AP3D1	AP3M1	9606.ENSP00000495274	9606.ENSP00000347408	0	0	0	0	0.663	0.973	0.540	0.947	0.999
AP3D1	LYST	9606.ENSP00000495274	9606.ENSP00000374443	0	0	0	0	0.042	0.068	0	0.506	0.521
AP3D1	BLOC1S5	9606.ENSP00000495274	9606.ENSP00000380598	0	0	0	0	0.047	0	0	0.513	0.516
AP3D1	HPS4	9606.ENSP00000495274	9606.ENSP00000381213	0	0	0	0	0.049	0	0	0.516	0.520
AP3D1	BLOC1S3	9606.ENSP00000495274	9606.ENSP00000393840	0	0	0	0	0	0	0	0.582	0.582
AP3D1	BLOC1S6	9606.ENSP00000495274	9606.ENSP00000456851	0	0	0	0	0.044	0	0	0.601	0.602
AP3M1	KIF13A	9606.ENSP00000347408	9606.ENSP00000259711	0	0	0	0	0.049	0	0.400	0.261	0.541
AP3M1	RAB11A	9606.ENSP00000347408	9606.ENSP00000261890	0	0	0	0	0.074	0.098	0	0.449	0.500
AP3M1	AP3S1	9606.ENSP00000347408	9606.ENSP00000325369	0	0	0	0	0.092	0.814	0.900	0.937	0.998
AP3M1	AP3S2	9606.ENSP00000347408	9606.ENSP00000338777	0	0	0	0	0.116	0.816	0.900	0.811	0.996
AP3M1	DTNBP1	9606.ENSP00000347408	9606.ENSP00000341680	0	0	0	0	0	0.221	0	0.262	0.401
AP3S1	BLOC1S4	9606.ENSP00000325369	9606.ENSP00000318128	0	0	0	0	0	0	0.500	0.187	0.576
AP3S1	BLOC1S3	9606.ENSP00000325369	9606.ENSP00000393840	0	0	0	0	0	0	0.500	0.167	0.565
AP3S1	BLOC1S1	9606.ENSP00000325369	9606.ENSP00000447537	0	0	0	0	0.098	0	0.500	0.143	0.580
AP3S1	BLOC1S6	9606.ENSP00000325369	9606.ENSP00000456851	0	0	0	0	0.047	0	0.500	0.253	0.613
AP3S1	SNAPIN	9606.ENSP00000325369	9606.ENSP00000357674	0	0	0	0	0.060	0.096	0.500	0.209	0.619
AP3S1	DTNBP1	9606.ENSP00000325369	9606.ENSP00000341680	0	0	0	0	0	0.225	0.500	0.172	0.651
AP3S1	AP3S2	9606.ENSP00000325369	9606.ENSP00000338777	0	0	0.050	0.981	0	0	0.900	0.059	0.902
AP3S2	VPS33A	9606.ENSP00000338777	9606.ENSP00000267199	0	0	0	0	0.395	0	0	0.119	0.444
ARCN1	RACK1	9606.ENSP00000264028	9606.ENSP00000426909	0	0	0	0	0.291	0.070	0	0.258	0.468
ARCN1	RAB1A	9606.ENSP00000264028	9606.ENSP00000387286	0	0.014	0	0	0.234	0	0.500	0.295	0.706
ARL6	BBS2	9606.ENSP00000419619	9606.ENSP00000245157	0	0	0	0	0.055	0.453	0.500	0.335	0.805
ARL6	BBS7	9606.ENSP00000419619	9606.ENSP00000264499	0	0	0	0	0.335	0.483	0.500	0.373	0.878
ARL6	BBS4	9606.ENSP00000419619	9606.ENSP00000268057	0	0	0	0	0.102	0.453	0.500	0.279	0.799
ARL6	BBS5	9606.ENSP00000419619	9606.ENSP00000295240	0	0	0	0	0.131	0.236	0.500	0.363	0.760
ASIP	ATRN	9606.ENSP00000454804	9606.ENSP00000262919	0	0	0	0	0	0.166	0	0.804	0.830
ASIP	TYR	9606.ENSP00000454804	9606.ENSP00000263321	0	0	0	0	0.090	0	0	0.781	0.793
ASIP	MLPH	9606.ENSP00000454804	9606.ENSP00000264605	0	0	0	0	0	0	0	0.403	0.403
ASIP	KIT	9606.ENSP00000454804	9606.ENSP00000288135	0	0	0	0	0	0	0	0.480	0.480
ASIP	SLC45A2	9606.ENSP00000454804	9606.ENSP00000296589	0	0	0	0	0.060	0	0	0.763	0.767
ASIP	EDN3	9606.ENSP00000454804	9606.ENSP00000337128	0	0	0	0	0.042	0	0	0.551	0.551
ASIP	SLC24A5	9606.ENSP00000454804	9606.ENSP00000341550	0	0	0	0	0	0	0	0.748	0.748
ASIP	OCA2	9606.ENSP00000454804	9606.ENSP00000346659	0	0	0	0	0.042	0	0	0.811	0.811
ASIP	MFSD12	9606.ENSP00000454804	9606.ENSP00000347583	0	0	0	0	0	0	0	0.460	0.460
ASIP	EDNRB	9606.ENSP00000454804	9606.ENSP00000366416	0	0	0	0	0	0	0	0.411	0.411
ASIP	TYRP1	9606.ENSP00000454804	9606.ENSP00000373570	0	0	0	0	0	0	0	0.818	0.818
ASIP	MYO5A	9606.ENSP00000454804	9606.ENSP00000382177	0	0	0	0	0	0	0	0.464	0.464
ASIP	POMC	9606.ENSP00000454804	9606.ENSP00000384092	0	0	0	0	0.048	0	0	0.905	0.905
ASIP	MITF	9606.ENSP00000454804	9606.ENSP00000391803	0	0	0	0	0	0	0	0.622	0.622
ASIP	DCT	9606.ENSP00000454804	9606.ENSP00000392762	0	0	0	0	0.056	0	0	0.660	0.666
ASIP	MC1R	9606.ENSP00000454804	9606.ENSP00000451605	0	0	0	0	0.043	0	0.900	0.996	0.999
ATP7A	TYR	9606.ENSP00000345728	9606.ENSP00000263321	0	0	0	0	0.049	0	0	0.492	0.496
ATP7A	KIT	9606.ENSP00000345728	9606.ENSP00000288135	0	0	0	0	0.049	0	0	0.571	0.574
ATP7A	DTNBP1	9606.ENSP00000345728	9606.ENSP00000341680	0	0	0	0	0.049	0.363	0	0.247	0.504
ATP7A	OCA2	9606.ENSP00000345728	9606.ENSP00000346659	0.057	0	0	0	0	0	0	0.488	0.497
ATP7A	BLOC1S6	9606.ENSP00000345728	9606.ENSP00000456851	0	0	0	0	0	0.363	0	0.285	0.525
ATP7A	MC1R	9606.ENSP00000345728	9606.ENSP00000451605	0	0	0	0	0.049	0	0	0.629	0.632
ATP7A	POMC	9606.ENSP00000345728	9606.ENSP00000384092	0	0	0	0	0	0	0	0.964	0.964
ATRN	SLC24A5	9606.ENSP00000262919	9606.ENSP00000341550	0	0	0	0	0.045	0	0	0.475	0.478
ATRN	TYR	9606.ENSP00000262919	9606.ENSP00000263321	0	0	0	0	0.049	0	0	0.488	0.493
ATRN	MC1R	9606.ENSP00000262919	9606.ENSP00000451605	0	0	0	0	0.062	0	0	0.763	0.768
BBS2	POMC	9606.ENSP00000245157	9606.ENSP00000384092	0	0	0	0	0	0	0	0.585	0.585
BBS2	MKKS	9606.ENSP00000245157	9606.ENSP00000246062	0	0	0	0	0.049	0.510	0.400	0.293	0.775
BBS2	BBS4	9606.ENSP00000245157	9606.ENSP00000268057	0	0	0	0	0.153	0.861	0.900	0.999	0.999
BBS2	BBS5	9606.ENSP00000245157	9606.ENSP00000295240	0	0	0.221	0	0.049	0.871	0.900	0.999	0.999
BBS2	BBS7	9606.ENSP00000245157	9606.ENSP00000264499	0	0	0.230	0	0.100	0.886	0.900	0.999	0.999
BBS4	MKKS	9606.ENSP00000268057	9606.ENSP00000246062	0	0	0	0	0.076	0.045	0.400	0.219	0.532
BBS4	BBS7	9606.ENSP00000268057	9606.ENSP00000264499	0	0	0	0	0.086	0.861	0.900	0.999	0.999
BBS4	POMC	9606.ENSP00000268057	9606.ENSP00000384092	0	0	0	0	0	0	0	0.591	0.591
BBS4	DCTN1	9606.ENSP00000268057	9606.ENSP00000354791	0	0	0	0	0.061	0.483	0	0.793	0.890
BBS4	BBS5	9606.ENSP00000268057	9606.ENSP00000295240	0	0	0	0	0.047	0.892	0.900	0.999	0.999
BBS5	MKKS	9606.ENSP00000295240	9606.ENSP00000246062	0	0	0	0	0	0	0.400	0.356	0.597
BBS5	BBS7	9606.ENSP00000295240	9606.ENSP00000264499	0	0	0	0	0.109	0.851	0.900	0.999	0.999
BBS7	MKKS	9606.ENSP00000264499	9606.ENSP00000246062	0	0	0	0	0.060	0.510	0.400	0.204	0.750
BCL2	SNAI2	9606.ENSP00000381185	9606.ENSP00000020945	0	0	0	0	0	0	0	0.583	0.583
BCL2	KIT	9606.ENSP00000381185	9606.ENSP00000288135	0	0	0	0	0.049	0	0	0.704	0.707
BCL2	TH	9606.ENSP00000381185	9606.ENSP00000370571	0	0	0	0	0.057	0	0	0.495	0.504
BCL2	BCL2L11	9606.ENSP00000381185	9606.ENSP00000376943	0	0	0	0	0.060	0.956	0.900	0.999	0.999
BCL2	CD63	9606.ENSP00000381185	9606.ENSP00000447730	0	0	0	0	0	0	0	0.413	0.413
BCL2	ZEB2	9606.ENSP00000381185	9606.ENSP00000487174	0	0	0	0	0.106	0	0	0.476	0.512
BCL2	SOD2	9606.ENSP00000381185	9606.ENSP00000446252	0	0	0	0	0	0	0	0.633	0.633
BCL2	MITF	9606.ENSP00000381185	9606.ENSP00000391803	0	0	0	0	0	0	0	0.649	0.649
BCL2L11	KIT	9606.ENSP00000376943	9606.ENSP00000288135	0	0	0	0	0.055	0	0	0.419	0.427
BCL2L11	EDNRA	9606.ENSP00000376943	9606.ENSP00000315011	0	0	0	0	0	0.592	0	0.083	0.609
BCL2L11	RACK1	9606.ENSP00000376943	9606.ENSP00000426909	0	0	0	0	0	0.292	0	0.201	0.410
BCL2L11	SOD2	9606.ENSP00000376943	9606.ENSP00000446252	0	0	0	0	0.066	0	0	0.402	0.417
BLOC1S1	HPS5	9606.ENSP00000447537	9606.ENSP00000265967	0	0	0	0	0	0	0.720	0.463	0.843
BLOC1S1	HPS3	9606.ENSP00000447537	9606.ENSP00000296051	0	0	0	0	0.082	0	0.720	0.530	0.868
BLOC1S1	HPS6	9606.ENSP00000447537	9606.ENSP00000299238	0	0	0	0	0.063	0	0.720	0.639	0.897
BLOC1S1	BLOC1S4	9606.ENSP00000447537	9606.ENSP00000318128	0	0	0	0	0	0.806	0.900	0.915	0.998
BLOC1S1	HPS1	9606.ENSP00000447537	9606.ENSP00000326649	0	0	0	0	0.106	0	0.720	0.298	0.809
BLOC1S1	DTNBP1	9606.ENSP00000447537	9606.ENSP00000341680	0	0	0	0	0.093	0.846	0.900	0.993	0.999
BLOC1S1	SNAPIN	9606.ENSP00000447537	9606.ENSP00000357674	0	0	0	0	0.316	0.842	0.900	0.999	0.999
BLOC1S1	BLOC1S2	9606.ENSP00000447537	9606.ENSP00000359398	0	0	0	0	0.150	0.841	0.900	0.999	0.999
BLOC1S1	BLOC1S5	9606.ENSP00000447537	9606.ENSP00000380598	0	0	0	0	0.181	0.805	0.900	0.855	0.997
BLOC1S1	HPS4	9606.ENSP00000447537	9606.ENSP00000381213	0	0	0	0	0	0	0.720	0.265	0.785
BLOC1S1	BLOC1S3	9606.ENSP00000447537	9606.ENSP00000393840	0	0	0	0	0	0.826	0.900	0.999	0.999
BLOC1S1	DCTN2	9606.ENSP00000447537	9606.ENSP00000408910	0	0	0	0	0.058	0.324	0	0.391	0.578
BLOC1S1	BLOC1S6	9606.ENSP00000447537	9606.ENSP00000456851	0	0	0	0	0	0.864	0.900	0.999	0.999
BLOC1S2	HPS5	9606.ENSP00000359398	9606.ENSP00000265967	0	0	0	0	0.049	0	0.720	0.567	0.874
BLOC1S2	HPS3	9606.ENSP00000359398	9606.ENSP00000296051	0	0	0	0	0.083	0	0.720	0.545	0.873
BLOC1S2	HPS6	9606.ENSP00000359398	9606.ENSP00000299238	0	0	0	0	0.125	0	0.720	0.678	0.914
BLOC1S2	BLOC1S4	9606.ENSP00000359398	9606.ENSP00000318128	0	0	0	0	0.094	0.230	0.900	0.871	0.989
BLOC1S2	HPS1	9606.ENSP00000359398	9606.ENSP00000326649	0	0	0	0	0.047	0	0.720	0.305	0.798
BLOC1S2	DTNBP1	9606.ENSP00000359398	9606.ENSP00000341680	0	0	0	0	0	0.833	0.900	0.996	0.999
BLOC1S2	SNAPIN	9606.ENSP00000359398	9606.ENSP00000357674	0	0	0	0	0.099	0.775	0.900	0.999	0.999
BLOC1S2	HPS4	9606.ENSP00000359398	9606.ENSP00000381213	0	0	0	0	0	0	0.720	0.324	0.802
BLOC1S2	BLOC1S5	9606.ENSP00000359398	9606.ENSP00000380598	0	0	0	0	0.064	0.670	0.900	0.831	0.994
BLOC1S2	BLOC1S6	9606.ENSP00000359398	9606.ENSP00000456851	0	0	0	0	0.099	0.695	0.900	0.999	0.999
BLOC1S2	BLOC1S3	9606.ENSP00000359398	9606.ENSP00000393840	0	0	0	0	0.047	0.292	0.900	0.999	0.999
BLOC1S3	RAB11A	9606.ENSP00000393840	9606.ENSP00000261890	0	0	0	0	0	0	0	0.428	0.428
BLOC1S3	TYR	9606.ENSP00000393840	9606.ENSP00000263321	0	0	0	0	0	0	0	0.419	0.419
BLOC1S3	HPS5	9606.ENSP00000393840	9606.ENSP00000265967	0	0	0	0	0	0	0.720	0.950	0.985
BLOC1S3	HPS3	9606.ENSP00000393840	9606.ENSP00000296051	0	0	0	0	0	0	0.720	0.959	0.988
BLOC1S3	SLC45A2	9606.ENSP00000393840	9606.ENSP00000296589	0	0	0	0	0	0	0	0.478	0.478
BLOC1S3	HPS6	9606.ENSP00000393840	9606.ENSP00000299238	0	0	0	0	0.042	0	0.720	0.951	0.985
BLOC1S3	BLOC1S4	9606.ENSP00000393840	9606.ENSP00000318128	0	0	0	0	0	0.095	0.900	0.892	0.989
BLOC1S3	HPS1	9606.ENSP00000393840	9606.ENSP00000326649	0	0	0	0	0	0	0.720	0.376	0.817
BLOC1S3	SLC24A5	9606.ENSP00000393840	9606.ENSP00000341550	0	0	0	0	0	0	0	0.479	0.479
BLOC1S3	DTNBP1	9606.ENSP00000393840	9606.ENSP00000341680	0	0	0	0	0	0.780	0.900	0.998	0.999
BLOC1S3	OCA2	9606.ENSP00000393840	9606.ENSP00000346659	0	0	0	0	0	0	0	0.451	0.451
BLOC1S3	SNAPIN	9606.ENSP00000393840	9606.ENSP00000357674	0	0	0	0	0	0.292	0.900	0.999	0.999
BLOC1S3	TYRP1	9606.ENSP00000393840	9606.ENSP00000373570	0	0	0	0	0	0	0	0.639	0.639
BLOC1S3	LYST	9606.ENSP00000393840	9606.ENSP00000374443	0	0	0	0	0	0	0	0.682	0.682
BLOC1S3	BLOC1S5	9606.ENSP00000393840	9606.ENSP00000380598	0	0	0	0	0	0.696	0.900	0.874	0.995
BLOC1S3	HPS4	9606.ENSP00000393840	9606.ENSP00000381213	0	0	0	0	0	0	0.720	0.921	0.977
BLOC1S3	MYO5A	9606.ENSP00000393840	9606.ENSP00000382177	0	0	0	0	0	0	0	0.415	0.415
BLOC1S3	GPR143	9606.ENSP00000393840	9606.ENSP00000417161	0	0	0	0	0	0	0	0.447	0.447
BLOC1S3	LRMDA	9606.ENSP00000393840	9606.ENSP00000480240	0	0	0	0	0	0	0	0.571	0.571
BLOC1S3	BLOC1S6	9606.ENSP00000393840	9606.ENSP00000456851	0	0	0	0	0	0.751	0.900	0.999	0.999
BLOC1S4	HPS5	9606.ENSP00000318128	9606.ENSP00000265967	0	0	0	0	0	0	0.720	0.340	0.807
BLOC1S4	HPS3	9606.ENSP00000318128	9606.ENSP00000296051	0	0	0	0	0	0	0.720	0.369	0.815
BLOC1S4	HPS6	9606.ENSP00000318128	9606.ENSP00000299238	0	0	0	0	0.081	0	0.720	0.615	0.892
BLOC1S4	LYST	9606.ENSP00000318128	9606.ENSP00000374443	0	0	0	0	0	0	0	0.424	0.424
BLOC1S4	HPS1	9606.ENSP00000318128	9606.ENSP00000326649	0	0	0	0	0	0	0.720	0.111	0.740
BLOC1S4	HPS4	9606.ENSP00000318128	9606.ENSP00000381213	0	0	0	0	0	0	0.720	0.234	0.776
BLOC1S4	SNAPIN	9606.ENSP00000318128	9606.ENSP00000357674	0	0	0	0	0.060	0.230	0.900	0.720	0.977
BLOC1S4	DTNBP1	9606.ENSP00000318128	9606.ENSP00000341680	0	0	0	0	0.090	0.734	0.900	0.668	0.990
BLOC1S4	BLOC1S5	9606.ENSP00000318128	9606.ENSP00000380598	0	0	0	0	0.049	0.557	0.900	0.866	0.993
BLOC1S4	BLOC1S6	9606.ENSP00000318128	9606.ENSP00000456851	0	0	0	0	0.092	0.758	0.900	0.973	0.999
BLOC1S5	HPS5	9606.ENSP00000380598	9606.ENSP00000265967	0	0	0	0	0.049	0	0.720	0.599	0.884
BLOC1S5	VPS33A	9606.ENSP00000380598	9606.ENSP00000267199	0	0	0	0	0.128	0	0	0.431	0.483
BLOC1S5	HPS3	9606.ENSP00000380598	9606.ENSP00000296051	0	0	0	0	0.082	0	0.720	0.710	0.919
BLOC1S5	HPS6	9606.ENSP00000380598	9606.ENSP00000299238	0	0	0	0	0.063	0	0.720	0.588	0.882
BLOC1S5	HPS1	9606.ENSP00000380598	9606.ENSP00000326649	0	0	0	0	0.060	0	0.720	0.091	0.739
BLOC1S5	DTNBP1	9606.ENSP00000380598	9606.ENSP00000341680	0	0	0	0	0.049	0.845	0.900	0.781	0.996
BLOC1S5	SNAPIN	9606.ENSP00000380598	9606.ENSP00000357674	0	0	0	0	0.208	0.469	0.900	0.924	0.996
BLOC1S5	HPS4	9606.ENSP00000380598	9606.ENSP00000381213	0	0	0	0	0.074	0	0.720	0.420	0.836
BLOC1S5	BLOC1S6	9606.ENSP00000380598	9606.ENSP00000456851	0	0	0	0	0.049	0.784	0.900	0.988	0.999
BLOC1S6	KIF13A	9606.ENSP00000456851	9606.ENSP00000259711	0	0	0	0	0	0	0	0.404	0.404
BLOC1S6	RAB11A	9606.ENSP00000456851	9606.ENSP00000261890	0	0	0	0	0.049	0	0	0.402	0.406
BLOC1S6	TYR	9606.ENSP00000456851	9606.ENSP00000263321	0	0	0	0	0	0	0	0.404	0.404
BLOC1S6	HPS5	9606.ENSP00000456851	9606.ENSP00000265967	0	0	0	0	0.055	0	0.720	0.953	0.986
BLOC1S6	HPS3	9606.ENSP00000456851	9606.ENSP00000296051	0	0	0	0	0.043	0	0.720	0.938	0.982
BLOC1S6	SLC45A2	9606.ENSP00000456851	9606.ENSP00000296589	0	0	0	0	0	0	0	0.431	0.431
BLOC1S6	HPS6	9606.ENSP00000456851	9606.ENSP00000299238	0	0	0	0	0	0	0.720	0.954	0.986
BLOC1S6	HPS1	9606.ENSP00000456851	9606.ENSP00000326649	0	0	0	0	0	0	0.720	0.543	0.866
BLOC1S6	SLC24A5	9606.ENSP00000456851	9606.ENSP00000341550	0	0	0	0	0	0	0	0.450	0.450
BLOC1S6	DTNBP1	9606.ENSP00000456851	9606.ENSP00000341680	0	0	0	0	0.048	0.844	0.900	0.996	0.999
BLOC1S6	OCA2	9606.ENSP00000456851	9606.ENSP00000346659	0	0	0	0	0	0	0	0.419	0.418
BLOC1S6	SNAPIN	9606.ENSP00000456851	9606.ENSP00000357674	0	0	0	0	0.042	0.629	0.900	0.999	0.999
BLOC1S6	TYRP1	9606.ENSP00000456851	9606.ENSP00000373570	0	0	0	0	0	0	0	0.447	0.447
BLOC1S6	LYST	9606.ENSP00000456851	9606.ENSP00000374443	0	0	0	0	0	0	0	0.620	0.620
BLOC1S6	RAB27A	9606.ENSP00000456851	9606.ENSP00000379601	0	0	0	0	0.061	0	0	0.476	0.487
BLOC1S6	HPS4	9606.ENSP00000456851	9606.ENSP00000381213	0	0	0	0	0.049	0	0.720	0.877	0.964
BLOC1S6	MYO5A	9606.ENSP00000456851	9606.ENSP00000382177	0	0	0	0	0.058	0	0	0.407	0.417
BLOC1S6	GPR143	9606.ENSP00000456851	9606.ENSP00000417161	0	0	0	0	0	0	0	0.417	0.416
BLOC1S6	MYSM1	9606.ENSP00000456851	9606.ENSP00000418734	0	0	0	0	0.064	0	0	0.392	0.407
BLOC1S6	LRMDA	9606.ENSP00000456851	9606.ENSP00000480240	0	0	0	0	0	0	0	0.524	0.524
CD63	RAB11A	9606.ENSP00000447730	9606.ENSP00000261890	0	0	0	0	0.061	0	0	0.619	0.628
CD63	KIT	9606.ENSP00000447730	9606.ENSP00000288135	0	0	0	0	0	0.292	0	0.671	0.757
CD63	HPS3	9606.ENSP00000447730	9606.ENSP00000296051	0	0	0	0	0.042	0	0	0.419	0.419
CD63	RAB27A	9606.ENSP00000447730	9606.ENSP00000379601	0	0	0	0	0.061	0	0	0.837	0.840
CD63	PMEL	9606.ENSP00000447730	9606.ENSP00000402758	0	0	0	0	0.050	0	0	0.819	0.820
DCT	SNAI2	9606.ENSP00000392762	9606.ENSP00000020945	0	0	0	0	0.060	0.059	0	0.529	0.546
DCT	RAB38	9606.ENSP00000392762	9606.ENSP00000243662	0	0	0	0	0.087	0	0	0.470	0.495
DCT	TYR	9606.ENSP00000392762	9606.ENSP00000263321	0	0	0.084	0.880	0.796	0	0	0.796	0.958
DCT	MLPH	9606.ENSP00000392762	9606.ENSP00000264605	0	0	0	0	0.060	0	0	0.447	0.457
DCT	KIT	9606.ENSP00000392762	9606.ENSP00000288135	0	0	0	0	0.044	0	0	0.477	0.478
DCT	SLC45A2	9606.ENSP00000392762	9606.ENSP00000296589	0	0	0	0	0.443	0.045	0	0.644	0.794
DCT	EDN3	9606.ENSP00000392762	9606.ENSP00000337128	0	0	0	0	0.042	0	0	0.554	0.555
DCT	SLC24A5	9606.ENSP00000392762	9606.ENSP00000341550	0	0	0	0	0.183	0	0	0.618	0.674
DCT	OCA2	9606.ENSP00000392762	9606.ENSP00000346659	0	0	0	0	0.260	0	0	0.597	0.689
DCT	EDNRB	9606.ENSP00000392762	9606.ENSP00000366416	0	0	0	0	0.082	0.049	0	0.543	0.566
DCT	TYRP1	9606.ENSP00000392762	9606.ENSP00000373570	0	0	0.072	0.925	0.459	0	0	0.533	0.745
DCT	RAB27A	9606.ENSP00000392762	9606.ENSP00000379601	0	0	0	0	0.055	0.046	0	0.660	0.666
DCT	SOX10	9606.ENSP00000392762	9606.ENSP00000380093	0	0	0	0	0.212	0.050	0	0.829	0.860
DCT	MYO5A	9606.ENSP00000392762	9606.ENSP00000382177	0	0	0	0	0.071	0.114	0	0.468	0.524
DCT	POMC	9606.ENSP00000392762	9606.ENSP00000384092	0	0	0	0	0	0	0	0.756	0.756
DCT	MITF	9606.ENSP00000392762	9606.ENSP00000391803	0	0	0	0	0.109	0.091	0	0.950	0.956
DCT	GPR143	9606.ENSP00000392762	9606.ENSP00000417161	0	0	0	0	0.074	0	0	0.663	0.674
DCT	MC1R	9606.ENSP00000392762	9606.ENSP00000451605	0	0	0	0	0.060	0.049	0	0.752	0.759
DCT	PMEL	9606.ENSP00000392762	9606.ENSP00000402758	0	0	0	0	0.538	0	0	0.789	0.898
DCTN1	FIG4	9606.ENSP00000354791	9606.ENSP00000230124	0	0	0	0	0.055	0	0	0.771	0.775
DCTN1	RAB11A	9606.ENSP00000354791	9606.ENSP00000261890	0	0	0	0	0.055	0	0.500	0.331	0.656
DCTN1	MREG	9606.ENSP00000354791	9606.ENSP00000263268	0	0	0	0	0	0	0	0.517	0.517
DCTN1	HPS3	9606.ENSP00000354791	9606.ENSP00000296051	0	0	0	0	0.049	0	0	0.440	0.444
DCTN1	HPS6	9606.ENSP00000354791	9606.ENSP00000299238	0	0	0	0	0.049	0	0	0.619	0.622
DCTN1	SNAPIN	9606.ENSP00000354791	9606.ENSP00000357674	0	0	0	0	0.054	0	0	0.428	0.436
DCTN1	DCTN2	9606.ENSP00000354791	9606.ENSP00000408910	0	0	0	0	0.340	0.999	0.900	0.999	0.999
DCTN2	RAB11A	9606.ENSP00000408910	9606.ENSP00000261890	0	0	0	0	0.226	0.082	0.500	0.242	0.695
DRD2	SLC45A2	9606.ENSP00000354859	9606.ENSP00000296589	0	0	0	0	0.042	0	0	0.411	0.412
DRD2	EDN3	9606.ENSP00000354859	9606.ENSP00000337128	0	0	0	0	0.042	0.134	0.650	0.140	0.716
DRD2	DTNBP1	9606.ENSP00000354859	9606.ENSP00000341680	0	0	0	0	0	0	0	0.671	0.671
DRD2	OCA2	9606.ENSP00000354859	9606.ENSP00000346659	0	0	0	0	0.062	0	0	0.406	0.419
DRD2	POMC	9606.ENSP00000354859	9606.ENSP00000384092	0	0	0	0	0.106	0.094	0	0.591	0.640
DRD2	TH	9606.ENSP00000354859	9606.ENSP00000370571	0	0	0	0	0.085	0	0	0.834	0.841
DTNBP1	HPS5	9606.ENSP00000341680	9606.ENSP00000265967	0	0	0	0	0.047	0	0.720	0.946	0.984
DTNBP1	HPS3	9606.ENSP00000341680	9606.ENSP00000296051	0	0	0	0	0.049	0	0.720	0.926	0.978
DTNBP1	HPS6	9606.ENSP00000341680	9606.ENSP00000299238	0	0	0	0	0.049	0	0.720	0.941	0.982
DTNBP1	HPS1	9606.ENSP00000341680	9606.ENSP00000326649	0	0	0	0	0.049	0	0.720	0.318	0.802
DTNBP1	SLC24A5	9606.ENSP00000341680	9606.ENSP00000341550	0	0	0	0	0	0	0	0.434	0.434
DTNBP1	OCA2	9606.ENSP00000341680	9606.ENSP00000346659	0	0	0	0	0	0	0	0.412	0.412
DTNBP1	LRMDA	9606.ENSP00000341680	9606.ENSP00000480240	0	0	0	0	0.056	0	0	0.447	0.455
DTNBP1	LYST	9606.ENSP00000341680	9606.ENSP00000374443	0	0	0	0	0.049	0	0	0.486	0.490
DTNBP1	TYRP1	9606.ENSP00000341680	9606.ENSP00000373570	0	0	0	0	0	0	0	0.582	0.582
DTNBP1	MYO5A	9606.ENSP00000341680	9606.ENSP00000382177	0	0	0	0	0	0.225	0	0.590	0.669
DTNBP1	HPS4	9606.ENSP00000341680	9606.ENSP00000381213	0	0	0	0	0.054	0	0.720	0.903	0.972
DTNBP1	SNAPIN	9606.ENSP00000341680	9606.ENSP00000357674	0	0	0	0	0.110	0.882	0.900	0.998	0.999
EDA	EDAR	9606.ENSP00000363680	9606.ENSP00000258443	0	0	0	0	0.054	0.510	0.900	0.999	0.999
EDAR	OCA2	9606.ENSP00000258443	9606.ENSP00000346659	0	0	0	0	0.045	0	0	0.434	0.437
EDAR	SLC45A2	9606.ENSP00000258443	9606.ENSP00000296589	0	0	0	0	0	0	0	0.836	0.836
EDAR	SLC24A5	9606.ENSP00000258443	9606.ENSP00000341550	0	0	0	0	0	0	0	0.902	0.902
EDN3	SNAI2	9606.ENSP00000337128	9606.ENSP00000020945	0	0	0	0	0.042	0	0	0.472	0.472
EDN3	TYR	9606.ENSP00000337128	9606.ENSP00000263321	0	0	0	0	0	0	0	0.570	0.570
EDN3	KIT	9606.ENSP00000337128	9606.ENSP00000288135	0	0	0	0	0.062	0	0	0.437	0.450
EDN3	EDNRA	9606.ENSP00000337128	9606.ENSP00000315011	0	0	0	0	0	0.540	0.900	0.999	0.999
EDN3	TYRP1	9606.ENSP00000337128	9606.ENSP00000373570	0	0	0	0	0	0	0	0.523	0.523
EDN3	MC1R	9606.ENSP00000337128	9606.ENSP00000451605	0	0	0	0	0	0.134	0	0.509	0.557
EDN3	LYST	9606.ENSP00000337128	9606.ENSP00000374443	0	0	0	0	0	0	0	0.567	0.567
EDN3	MITF	9606.ENSP00000337128	9606.ENSP00000391803	0	0	0	0	0	0	0	0.628	0.628
EDN3	SOX10	9606.ENSP00000337128	9606.ENSP00000380093	0	0	0	0	0.083	0	0	0.870	0.876
EDN3	EDNRB	9606.ENSP00000337128	9606.ENSP00000366416	0	0	0	0	0.062	0.825	0.900	0.999	0.999
EDNRA	GNA11	9606.ENSP00000315011	9606.ENSP00000078429	0	0	0	0	0.079	0.346	0.900	0.418	0.960
EDNRA	EDNRB	9606.ENSP00000315011	9606.ENSP00000366416	0	0	0.053	0.950	0.121	0	0.900	0.943	0.994
EDNRB	SNAI2	9606.ENSP00000366416	9606.ENSP00000020945	0	0	0	0	0.076	0	0	0.429	0.450
EDNRB	GNA11	9606.ENSP00000366416	9606.ENSP00000078429	0	0	0	0	0.053	0.346	0.900	0.598	0.971
EDNRB	TYR	9606.ENSP00000366416	9606.ENSP00000263321	0	0	0	0	0.110	0.049	0	0.664	0.691
EDNRB	KIT	9606.ENSP00000366416	9606.ENSP00000288135	0	0	0	0	0.098	0	0	0.685	0.703
EDNRB	SLC45A2	9606.ENSP00000366416	9606.ENSP00000296589	0	0	0	0	0.085	0	0	0.453	0.478
EDNRB	OCA2	9606.ENSP00000366416	9606.ENSP00000346659	0	0	0	0	0.061	0	0	0.398	0.410
EDNRB	PMEL	9606.ENSP00000366416	9606.ENSP00000402758	0	0	0	0	0.089	0	0	0.409	0.439
EDNRB	ZEB2	9606.ENSP00000366416	9606.ENSP00000487174	0	0	0	0	0.056	0	0	0.466	0.474
EDNRB	LYST	9606.ENSP00000366416	9606.ENSP00000374443	0	0	0	0	0	0.045	0	0.486	0.489
EDNRB	MC1R	9606.ENSP00000366416	9606.ENSP00000451605	0	0	0	0	0	0	0	0.527	0.527
EDNRB	TYRP1	9606.ENSP00000366416	9606.ENSP00000373570	0	0	0	0	0.100	0.049	0	0.520	0.554
EDNRB	MITF	9606.ENSP00000366416	9606.ENSP00000391803	0	0	0	0	0.114	0	0	0.643	0.670
EDNRB	POMC	9606.ENSP00000366416	9606.ENSP00000384092	0	0	0	0	0	0.094	0	0.751	0.765
EDNRB	SOX10	9606.ENSP00000366416	9606.ENSP00000380093	0	0	0	0	0.117	0	0	0.900	0.908
EN1	TH	9606.ENSP00000295206	9606.ENSP00000370571	0	0	0	0	0	0	0	0.564	0.564
FIG4	VPS33A	9606.ENSP00000230124	9606.ENSP00000267199	0	0	0	0	0.090	0	0	0.438	0.467
FIG4	HPS3	9606.ENSP00000230124	9606.ENSP00000296051	0	0	0	0	0.098	0	0	0.462	0.494
FIG4	HPS5	9606.ENSP00000230124	9606.ENSP00000265967	0	0	0	0	0.062	0	0	0.509	0.520
FIG4	LYST	9606.ENSP00000230124	9606.ENSP00000374443	0	0	0	0	0.075	0	0	0.621	0.635
FIG4	PIKFYVE	9606.ENSP00000230124	9606.ENSP00000264380	0	0	0	0	0.050	0.996	0.913	0.999	0.999
GLI3	TBX2	9606.ENSP00000379258	9606.ENSP00000240328	0	0	0	0	0.086	0.069	0	0.384	0.430
GLI3	SOX10	9606.ENSP00000379258	9606.ENSP00000380093	0	0	0	0	0	0.095	0	0.532	0.558
GNA11	MITF	9606.ENSP00000078429	9606.ENSP00000391803	0	0	0	0	0	0	0	0.463	0.463
GNA11	TYR	9606.ENSP00000078429	9606.ENSP00000263321	0	0	0	0	0	0	0	0.484	0.484
GNA11	POMC	9606.ENSP00000078429	9606.ENSP00000384092	0	0	0	0	0	0	0.500	0.165	0.564
GNA11	NF1	9606.ENSP00000078429	9606.ENSP00000351015	0	0	0	0	0.074	0	0	0.570	0.585
GNA11	KIT	9606.ENSP00000078429	9606.ENSP00000288135	0	0	0	0	0.184	0	0	0.773	0.806
GPR143	RAB38	9606.ENSP00000417161	9606.ENSP00000243662	0	0	0	0	0.056	0	0	0.400	0.409
GPR143	TYR	9606.ENSP00000417161	9606.ENSP00000263321	0	0	0	0	0.151	0.322	0	0.853	0.908
GPR143	HPS5	9606.ENSP00000417161	9606.ENSP00000265967	0	0	0	0	0	0	0	0.511	0.511
GPR143	HPS3	9606.ENSP00000417161	9606.ENSP00000296051	0	0	0	0	0	0	0	0.507	0.507
GPR143	SLC45A2	9606.ENSP00000417161	9606.ENSP00000296589	0	0	0	0	0.175	0	0	0.748	0.783
GPR143	HPS6	9606.ENSP00000417161	9606.ENSP00000299238	0	0	0	0	0	0	0	0.541	0.541
GPR143	SLC24A5	9606.ENSP00000417161	9606.ENSP00000341550	0	0	0	0	0	0	0	0.666	0.666
GPR143	OCA2	9606.ENSP00000417161	9606.ENSP00000346659	0	0	0	0	0.146	0	0	0.876	0.889
GPR143	SHROOM2	9606.ENSP00000417161	9606.ENSP00000370299	0	0	0	0	0.181	0.046	0	0.878	0.896
GPR143	TYRP1	9606.ENSP00000417161	9606.ENSP00000373570	0	0	0	0	0.219	0	0	0.831	0.862
GPR143	RAB27A	9606.ENSP00000417161	9606.ENSP00000379601	0	0	0	0	0	0	0	0.576	0.576
GPR143	SOX10	9606.ENSP00000417161	9606.ENSP00000380093	0	0	0	0	0.049	0	0	0.516	0.520
GPR143	HPS4	9606.ENSP00000417161	9606.ENSP00000381213	0	0	0	0	0	0	0	0.463	0.463
GPR143	MITF	9606.ENSP00000417161	9606.ENSP00000391803	0	0	0	0	0.044	0.049	0	0.709	0.713
GPR143	PMEL	9606.ENSP00000417161	9606.ENSP00000402758	0	0	0	0	0.189	0	0	0.775	0.809
GPR143	MC1R	9606.ENSP00000417161	9606.ENSP00000451605	0	0	0	0	0	0	0	0.598	0.598
GPR143	LRMDA	9606.ENSP00000417161	9606.ENSP00000480240	0	0	0	0	0	0	0	0.620	0.620
HPS1	RAB38	9606.ENSP00000326649	9606.ENSP00000243662	0	0	0	0	0	0	0.400	0.521	0.700
HPS1	HPS5	9606.ENSP00000326649	9606.ENSP00000265967	0	0	0	0	0	0	0.720	0.445	0.838
HPS1	HPS3	9606.ENSP00000326649	9606.ENSP00000296051	0	0	0	0	0	0	0.720	0.665	0.902
HPS1	HPS6	9606.ENSP00000326649	9606.ENSP00000299238	0	0	0	0	0.064	0	0.720	0.561	0.874
HPS1	RAB32	9606.ENSP00000326649	9606.ENSP00000356465	0	0	0	0	0.062	0	0.400	0.499	0.693
HPS1	SNAPIN	9606.ENSP00000326649	9606.ENSP00000357674	0	0	0	0	0.049	0	0.720	0.269	0.788
HPS1	HPS4	9606.ENSP00000326649	9606.ENSP00000381213	0	0	0	0	0.060	0.623	0.900	0.727	0.989
HPS3	RAB38	9606.ENSP00000296051	9606.ENSP00000243662	0	0	0	0	0.058	0	0	0.547	0.555
HPS3	TYR	9606.ENSP00000296051	9606.ENSP00000263321	0	0	0	0	0.083	0	0	0.596	0.613
HPS3	HPS5	9606.ENSP00000296051	9606.ENSP00000265967	0	0	0	0	0.098	0.435	0.720	0.999	0.999
HPS3	MFSD12	9606.ENSP00000296051	9606.ENSP00000347583	0	0	0	0	0.042	0	0	0.403	0.404
HPS3	RAB27A	9606.ENSP00000296051	9606.ENSP00000379601	0	0	0	0	0.050	0	0	0.441	0.446
HPS3	MYO5A	9606.ENSP00000296051	9606.ENSP00000382177	0	0	0	0	0.053	0	0	0.480	0.487
HPS3	RAB32	9606.ENSP00000296051	9606.ENSP00000356465	0	0	0	0	0.042	0	0	0.492	0.493
HPS3	SLC45A2	9606.ENSP00000296051	9606.ENSP00000296589	0	0	0	0	0	0	0	0.524	0.524
HPS3	SLC24A5	9606.ENSP00000296051	9606.ENSP00000341550	0	0	0	0	0	0	0	0.550	0.550
HPS3	OCA2	9606.ENSP00000296051	9606.ENSP00000346659	0	0	0	0	0.048	0	0	0.574	0.577
HPS3	LRMDA	9606.ENSP00000296051	9606.ENSP00000480240	0	0	0	0	0	0	0	0.577	0.577
HPS3	TYRP1	9606.ENSP00000296051	9606.ENSP00000373570	0	0	0	0	0.056	0	0	0.729	0.733
HPS3	LYST	9606.ENSP00000296051	9606.ENSP00000374443	0	0	0	0	0.049	0	0	0.740	0.742
HPS3	SNAPIN	9606.ENSP00000296051	9606.ENSP00000357674	0	0	0	0	0.101	0	0.720	0.556	0.878
HPS3	HPS4	9606.ENSP00000296051	9606.ENSP00000381213	0	0	0	0	0	0	0.720	0.988	0.996
HPS3	HPS6	9606.ENSP00000296051	9606.ENSP00000299238	0	0	0	0	0.195	0.625	0.720	0.999	0.999
HPS4	RAB38	9606.ENSP00000381213	9606.ENSP00000243662	0	0	0	0	0.048	0	0.400	0.629	0.769
HPS4	TYR	9606.ENSP00000381213	9606.ENSP00000263321	0	0	0	0	0.048	0	0	0.436	0.440
HPS4	HPS5	9606.ENSP00000381213	9606.ENSP00000265967	0	0	0	0	0.060	0	0.720	0.973	0.992
HPS4	SLC45A2	9606.ENSP00000381213	9606.ENSP00000296589	0	0	0	0	0.061	0	0	0.480	0.490
HPS4	HPS6	9606.ENSP00000381213	9606.ENSP00000299238	0	0	0	0	0	0	0.720	0.985	0.995
HPS4	SLC24A5	9606.ENSP00000381213	9606.ENSP00000341550	0	0	0	0	0	0	0	0.474	0.474
HPS4	OCA2	9606.ENSP00000381213	9606.ENSP00000346659	0	0	0	0	0.055	0	0	0.530	0.537
HPS4	RAB32	9606.ENSP00000381213	9606.ENSP00000356465	0	0	0	0	0	0	0.400	0.627	0.766
HPS4	SNAPIN	9606.ENSP00000381213	9606.ENSP00000357674	0	0	0	0	0	0	0.720	0.277	0.788
HPS4	TYRP1	9606.ENSP00000381213	9606.ENSP00000373570	0	0	0	0	0	0	0	0.662	0.662
HPS4	LYST	9606.ENSP00000381213	9606.ENSP00000374443	0	0	0	0	0	0	0	0.570	0.570
HPS4	MYO5A	9606.ENSP00000381213	9606.ENSP00000382177	0	0	0	0	0	0	0	0.401	0.400
HPS4	LRMDA	9606.ENSP00000381213	9606.ENSP00000480240	0	0	0	0	0	0	0	0.581	0.581
HPS5	RAB38	9606.ENSP00000265967	9606.ENSP00000243662	0	0	0	0	0.044	0.079	0	0.436	0.460
HPS5	TYR	9606.ENSP00000265967	9606.ENSP00000263321	0	0	0	0	0	0	0	0.562	0.562
HPS5	RAB27A	9606.ENSP00000265967	9606.ENSP00000379601	0	0	0	0	0.056	0	0	0.425	0.434
HPS5	MYO5A	9606.ENSP00000265967	9606.ENSP00000382177	0	0	0	0	0.049	0	0	0.461	0.466
HPS5	SLC24A5	9606.ENSP00000265967	9606.ENSP00000341550	0	0	0	0	0	0	0	0.507	0.507
HPS5	SLC45A2	9606.ENSP00000265967	9606.ENSP00000296589	0	0	0	0	0	0	0	0.544	0.544
HPS5	OCA2	9606.ENSP00000265967	9606.ENSP00000346659	0	0	0	0	0	0	0	0.572	0.572
HPS5	LRMDA	9606.ENSP00000265967	9606.ENSP00000480240	0	0	0	0	0	0	0	0.591	0.591
HPS5	TYRP1	9606.ENSP00000265967	9606.ENSP00000373570	0	0	0	0	0	0	0	0.720	0.720
HPS5	LYST	9606.ENSP00000265967	9606.ENSP00000374443	0	0	0	0	0.070	0	0	0.746	0.754
HPS5	SNAPIN	9606.ENSP00000265967	9606.ENSP00000357674	0	0	0	0	0	0	0.720	0.574	0.875
HPS5	HPS6	9606.ENSP00000265967	9606.ENSP00000299238	0	0	0	0	0	0.605	0.720	0.999	0.999
HPS6	TYR	9606.ENSP00000299238	9606.ENSP00000263321	0	0	0	0	0	0	0	0.496	0.496
HPS6	SLC45A2	9606.ENSP00000299238	9606.ENSP00000296589	0	0	0	0	0	0	0	0.590	0.590
HPS6	RAB27A	9606.ENSP00000299238	9606.ENSP00000379601	0	0	0	0	0	0	0	0.416	0.416
HPS6	MYO5A	9606.ENSP00000299238	9606.ENSP00000382177	0	0	0	0	0.042	0	0	0.477	0.477
HPS6	OCA2	9606.ENSP00000299238	9606.ENSP00000346659	0	0	0	0	0	0	0	0.575	0.575
HPS6	SLC24A5	9606.ENSP00000299238	9606.ENSP00000341550	0	0	0	0	0	0	0	0.576	0.576
HPS6	LRMDA	9606.ENSP00000299238	9606.ENSP00000480240	0	0	0	0	0	0	0	0.601	0.601
HPS6	LYST	9606.ENSP00000299238	9606.ENSP00000374443	0	0	0	0	0.042	0	0	0.654	0.654
HPS6	TYRP1	9606.ENSP00000299238	9606.ENSP00000373570	0	0	0	0	0	0	0	0.759	0.759
HPS6	SNAPIN	9606.ENSP00000299238	9606.ENSP00000357674	0	0	0	0	0.075	0	0.720	0.648	0.900
KIF13A	RAB38	9606.ENSP00000259711	9606.ENSP00000243662	0	0	0	0	0	0	0	0.465	0.465
KIF13A	RAB32	9606.ENSP00000259711	9606.ENSP00000356465	0	0	0	0	0.054	0	0	0.529	0.535
KIF13A	RAB11A	9606.ENSP00000259711	9606.ENSP00000261890	0	0	0	0	0	0.095	0	0.760	0.773
KIT	SNAI2	9606.ENSP00000288135	9606.ENSP00000020945	0	0	0	0	0.061	0	0	0.739	0.744
KIT	TYR	9606.ENSP00000288135	9606.ENSP00000263321	0	0	0	0	0.077	0	0	0.618	0.633
KIT	OCA2	9606.ENSP00000288135	9606.ENSP00000346659	0	0	0	0	0.056	0	0	0.394	0.404
KIT	MEF2C	9606.ENSP00000288135	9606.ENSP00000340874	0	0	0	0	0.075	0	0	0.454	0.474
KIT	PMEL	9606.ENSP00000288135	9606.ENSP00000402758	0	0	0	0	0.112	0	0	0.447	0.488
KIT	RAB27A	9606.ENSP00000288135	9606.ENSP00000379601	0	0	0	0	0.088	0	0	0.470	0.496
KIT	SLC24A5	9606.ENSP00000288135	9606.ENSP00000341550	0	0	0	0	0.099	0.051	0	0.459	0.497
KIT	TYRP1	9606.ENSP00000288135	9606.ENSP00000373570	0	0	0	0	0.096	0	0	0.523	0.551
KIT	SOX10	9606.ENSP00000288135	9606.ENSP00000380093	0	0	0	0	0.095	0	0	0.581	0.604
KIT	NF1	9606.ENSP00000288135	9606.ENSP00000351015	0	0	0	0	0.044	0	0	0.715	0.715
KIT	MC1R	9606.ENSP00000288135	9606.ENSP00000451605	0	0	0	0	0.061	0	0	0.752	0.757
KIT	MITF	9606.ENSP00000288135	9606.ENSP00000391803	0	0	0	0	0.118	0	0	0.764	0.783
LRMDA	TYR	9606.ENSP00000480240	9606.ENSP00000263321	0	0	0	0	0	0.099	0	0.580	0.605
LRMDA	SLC45A2	9606.ENSP00000480240	9606.ENSP00000296589	0	0	0	0	0	0	0	0.704	0.704
LRMDA	SLC24A5	9606.ENSP00000480240	9606.ENSP00000341550	0	0	0	0	0	0	0	0.773	0.773
LRMDA	OCA2	9606.ENSP00000480240	9606.ENSP00000346659	0	0	0	0	0.052	0	0	0.708	0.711
LRMDA	TYRP1	9606.ENSP00000480240	9606.ENSP00000373570	0	0	0	0	0	0.099	0	0.593	0.617
LRMDA	LYST	9606.ENSP00000480240	9606.ENSP00000374443	0	0	0	0	0	0.046	0	0.513	0.515
LRMDA	MYO5A	9606.ENSP00000480240	9606.ENSP00000382177	0	0	0	0	0.043	0.101	0	0.380	0.420
LYST	TYR	9606.ENSP00000374443	9606.ENSP00000263321	0	0	0	0	0	0	0	0.515	0.515
LYST	MLPH	9606.ENSP00000374443	9606.ENSP00000264605	0	0	0	0	0	0	0	0.417	0.416
LYST	SLC45A2	9606.ENSP00000374443	9606.ENSP00000296589	0	0	0	0	0.063	0	0	0.571	0.581
LYST	VPS33B	9606.ENSP00000374443	9606.ENSP00000327650	0	0	0	0	0.042	0	0	0.414	0.414
LYST	SLC24A5	9606.ENSP00000374443	9606.ENSP00000341550	0	0	0	0	0.058	0.053	0	0.504	0.519
LYST	OCA2	9606.ENSP00000374443	9606.ENSP00000346659	0	0	0	0	0	0	0	0.574	0.574
LYST	TYRP1	9606.ENSP00000374443	9606.ENSP00000373570	0	0	0	0	0	0	0	0.462	0.462
LYST	MYO5A	9606.ENSP00000374443	9606.ENSP00000382177	0	0	0	0	0.067	0.071	0	0.517	0.545
LYST	MC1R	9606.ENSP00000374443	9606.ENSP00000451605	0	0	0	0	0	0.045	0	0.582	0.584
LYST	RAB27A	9606.ENSP00000374443	9606.ENSP00000379601	0	0	0	0	0.098	0	0	0.774	0.787
MC1R	TYR	9606.ENSP00000451605	9606.ENSP00000263321	0	0	0	0	0.068	0.049	0	0.959	0.960
MC1R	MLPH	9606.ENSP00000451605	9606.ENSP00000264605	0	0	0	0	0.044	0	0	0.431	0.432
MC1R	SLC45A2	9606.ENSP00000451605	9606.ENSP00000296589	0	0	0	0	0.073	0	0	0.906	0.909
MC1R	SLC24A5	9606.ENSP00000451605	9606.ENSP00000341550	0	0	0	0	0	0	0	0.858	0.858
MC1R	OCA2	9606.ENSP00000451605	9606.ENSP00000346659	0	0	0	0	0.049	0	0	0.935	0.936
MC1R	MFSD12	9606.ENSP00000451605	9606.ENSP00000347583	0	0	0	0	0.132	0	0	0.479	0.528
MC1R	TYRP1	9606.ENSP00000451605	9606.ENSP00000373570	0	0	0	0	0.056	0.049	0	0.932	0.934
MC1R	SOX10	9606.ENSP00000451605	9606.ENSP00000380093	0	0	0	0	0.080	0	0	0.506	0.526
MC1R	POMC	9606.ENSP00000451605	9606.ENSP00000384092	0	0	0	0	0	0.930	0.900	0.999	0.999
MC1R	MITF	9606.ENSP00000451605	9606.ENSP00000391803	0	0	0	0	0.060	0	0	0.843	0.847
MC1R	PMEL	9606.ENSP00000451605	9606.ENSP00000402758	0	0	0	0	0.062	0	0	0.632	0.640
MEF2C	SNAI2	9606.ENSP00000340874	9606.ENSP00000020945	0	0	0	0	0.044	0	0	0.513	0.515
MEF2C	TBX2	9606.ENSP00000340874	9606.ENSP00000240328	0	0	0	0	0	0.053	0	0.420	0.427
MEF2C	ZEB2	9606.ENSP00000340874	9606.ENSP00000487174	0	0	0	0	0.159	0.071	0	0.377	0.471
MFSD12	TYR	9606.ENSP00000347583	9606.ENSP00000263321	0	0	0	0	0.085	0	0	0.373	0.402
MFSD12	SLC45A2	9606.ENSP00000347583	9606.ENSP00000296589	0	0	0	0	0.067	0	0	0.689	0.697
MFSD12	SLC24A5	9606.ENSP00000347583	9606.ENSP00000341550	0	0	0	0	0	0	0	0.608	0.608
MFSD12	OCA2	9606.ENSP00000347583	9606.ENSP00000346659	0.074	0	0	0	0.116	0	0	0.527	0.579
MFSD12	PMEL	9606.ENSP00000347583	9606.ENSP00000402758	0	0	0	0	0.087	0.234	0	0.248	0.428
MFSD12	TYRP1	9606.ENSP00000347583	9606.ENSP00000373570	0	0	0	0	0.065	0	0	0.428	0.442
MITF	SNAI2	9606.ENSP00000391803	9606.ENSP00000020945	0	0	0	0	0.076	0	0	0.726	0.736
MITF	TBX2	9606.ENSP00000391803	9606.ENSP00000240328	0	0	0	0	0.086	0.090	0	0.359	0.420
MITF	TYR	9606.ENSP00000391803	9606.ENSP00000263321	0	0	0	0	0.141	0.095	0	0.977	0.981
MITF	USP13	9606.ENSP00000391803	9606.ENSP00000263966	0	0	0	0	0.049	0.292	0	0.323	0.504
MITF	MLPH	9606.ENSP00000391803	9606.ENSP00000264605	0	0	0	0	0.058	0	0	0.446	0.455
MITF	SLC45A2	9606.ENSP00000391803	9606.ENSP00000296589	0	0	0	0	0.097	0	0	0.584	0.609
MITF	SLC24A5	9606.ENSP00000391803	9606.ENSP00000341550	0	0	0	0	0.059	0	0	0.608	0.616
MITF	OCA2	9606.ENSP00000391803	9606.ENSP00000346659	0	0	0	0	0.062	0	0	0.622	0.631
MITF	NF1	9606.ENSP00000391803	9606.ENSP00000351015	0	0	0	0	0.069	0	0	0.509	0.523
MITF	TYRP1	9606.ENSP00000391803	9606.ENSP00000373570	0	0	0	0	0.122	0.091	0	0.926	0.936
MITF	RAB27A	9606.ENSP00000391803	9606.ENSP00000379601	0	0	0	0	0.048	0	0	0.496	0.499
MITF	SOX10	9606.ENSP00000391803	9606.ENSP00000380093	0	0	0	0	0.056	0.073	0	0.937	0.940
MITF	MYO5A	9606.ENSP00000391803	9606.ENSP00000382177	0	0	0	0	0.056	0	0	0.452	0.460
MITF	POMC	9606.ENSP00000391803	9606.ENSP00000384092	0	0	0	0	0	0	0	0.799	0.799
MITF	ZEB2	9606.ENSP00000391803	9606.ENSP00000487174	0	0	0	0	0.082	0	0	0.432	0.456
MITF	PMEL	9606.ENSP00000391803	9606.ENSP00000402758	0	0	0	0	0.088	0	0	0.761	0.773
MLPH	RAB11A	9606.ENSP00000264605	9606.ENSP00000261890	0	0	0	0	0.042	0	0	0.446	0.446
MLPH	MREG	9606.ENSP00000264605	9606.ENSP00000263268	0	0	0	0	0.056	0	0	0.807	0.810
MLPH	TYR	9606.ENSP00000264605	9606.ENSP00000263321	0	0	0	0	0.082	0	0	0.547	0.567
MLPH	RAB17	9606.ENSP00000264605	9606.ENSP00000264601	0	0	0	0	0.122	0	0	0.400	0.450
MLPH	SLC45A2	9606.ENSP00000264605	9606.ENSP00000296589	0	0	0	0	0.067	0	0	0.388	0.405
MLPH	PMEL	9606.ENSP00000264605	9606.ENSP00000402758	0	0	0	0	0.078	0	0	0.486	0.506
MLPH	TYRP1	9606.ENSP00000264605	9606.ENSP00000373570	0	0	0	0	0.082	0	0	0.535	0.555
MLPH	MYO7A	9606.ENSP00000264605	9606.ENSP00000386331	0	0	0	0	0	0	0	0.626	0.626
MLPH	MYO5A	9606.ENSP00000264605	9606.ENSP00000382177	0	0	0	0	0	0.841	0	0.999	0.999
MLPH	RAB27A	9606.ENSP00000264605	9606.ENSP00000379601	0	0	0	0	0	0.882	0	0.999	0.999
MREG	RAB27A	9606.ENSP00000263268	9606.ENSP00000379601	0	0	0	0	0.074	0	0	0.827	0.833
MREG	MYO5A	9606.ENSP00000263268	9606.ENSP00000382177	0	0	0	0	0.045	0	0	0.887	0.887
MYO5A	RAB38	9606.ENSP00000382177	9606.ENSP00000243662	0	0	0	0	0.047	0.126	0	0.344	0.406
MYO5A	RAB11A	9606.ENSP00000382177	9606.ENSP00000261890	0	0	0	0	0.092	0.943	0	0.791	0.988
MYO5A	TYR	9606.ENSP00000382177	9606.ENSP00000263321	0	0	0	0	0.072	0.114	0	0.532	0.582
MYO5A	SLC45A2	9606.ENSP00000382177	9606.ENSP00000296589	0	0	0	0	0	0	0	0.519	0.519
MYO5A	RAB11B	9606.ENSP00000382177	9606.ENSP00000333547	0	0	0	0	0.087	0.431	0	0.238	0.570
MYO5A	SLC24A5	9606.ENSP00000382177	9606.ENSP00000341550	0	0	0	0	0	0	0	0.523	0.523
MYO5A	OCA2	9606.ENSP00000382177	9606.ENSP00000346659	0	0	0	0	0.047	0	0	0.523	0.526
MYO5A	TYRP1	9606.ENSP00000382177	9606.ENSP00000373570	0	0	0	0	0.062	0.114	0	0.569	0.611
MYO5A	RAB27A	9606.ENSP00000382177	9606.ENSP00000379601	0	0	0	0	0.063	0.516	0.800	0.999	0.999
MYO7A	RAB38	9606.ENSP00000386331	9606.ENSP00000243662	0	0	0	0	0	0	0	0.702	0.702
MYO7A	TYR	9606.ENSP00000386331	9606.ENSP00000263321	0	0	0	0	0	0	0	0.480	0.480
MYO7A	SHROOM2	9606.ENSP00000386331	9606.ENSP00000370299	0	0	0	0	0.055	0.045	0	0.550	0.558
MYO7A	RAB27A	9606.ENSP00000386331	9606.ENSP00000379601	0	0	0	0	0	0	0	0.857	0.857
MYSM1	USP13	9606.ENSP00000418734	9606.ENSP00000263966	0	0	0	0	0.109	0.087	0	0.566	0.616
MYSM1	RACK1	9606.ENSP00000418734	9606.ENSP00000426909	0	0	0	0	0.064	0.415	0	0.049	0.433
NF1	SOX10	9606.ENSP00000351015	9606.ENSP00000380093	0	0	0	0	0	0	0	0.492	0.492
OCA2	RAB38	9606.ENSP00000346659	9606.ENSP00000243662	0	0	0	0	0.067	0	0	0.460	0.475
OCA2	TYR	9606.ENSP00000346659	9606.ENSP00000263321	0	0	0	0	0.344	0	0	0.984	0.989
OCA2	SLC45A2	9606.ENSP00000346659	9606.ENSP00000296589	0	0	0	0	0.121	0	0	0.975	0.977
OCA2	SLC24A5	9606.ENSP00000346659	9606.ENSP00000341550	0.083	0	0	0	0.116	0	0	0.946	0.952
OCA2	SOX10	9606.ENSP00000346659	9606.ENSP00000380093	0	0	0	0	0.187	0	0	0.331	0.433
OCA2	RAB27A	9606.ENSP00000346659	9606.ENSP00000379601	0	0	0	0	0.049	0	0	0.466	0.470
OCA2	PMEL	9606.ENSP00000346659	9606.ENSP00000402758	0	0	0	0	0.152	0	0	0.527	0.582
OCA2	TYRP1	9606.ENSP00000346659	9606.ENSP00000373570	0	0	0	0	0.274	0	0	0.963	0.972
PIKFYVE	RAB11A	9606.ENSP00000264380	9606.ENSP00000261890	0	0	0	0	0.047	0.070	0	0.447	0.467
PMEL	RAB38	9606.ENSP00000402758	9606.ENSP00000243662	0	0	0	0	0.166	0	0	0.428	0.503
PMEL	TYR	9606.ENSP00000402758	9606.ENSP00000263321	0	0	0	0	0.727	0	0	0.961	0.989
PMEL	SLC45A2	9606.ENSP00000402758	9606.ENSP00000296589	0	0	0	0	0.307	0	0	0.658	0.753
PMEL	SLC24A5	9606.ENSP00000402758	9606.ENSP00000341550	0	0	0	0	0.251	0	0	0.609	0.695
PMEL	TYRP1	9606.ENSP00000402758	9606.ENSP00000373570	0	0	0	0	0.515	0	0	0.821	0.910
PMEL	RAB27A	9606.ENSP00000402758	9606.ENSP00000379601	0	0	0	0	0.127	0	0	0.632	0.665
PMEL	SOX10	9606.ENSP00000402758	9606.ENSP00000380093	0	0	0	0	0.110	0	0	0.527	0.561
POMC	TYR	9606.ENSP00000384092	9606.ENSP00000263321	0	0	0	0	0	0	0	0.777	0.777
POMC	TH	9606.ENSP00000384092	9606.ENSP00000370571	0	0	0	0	0	0	0	0.748	0.748
POMC	TYRP1	9606.ENSP00000384092	9606.ENSP00000373570	0	0	0	0	0	0	0	0.729	0.729
POMC	SOX10	9606.ENSP00000384092	9606.ENSP00000380093	0	0	0	0	0.042	0	0	0.558	0.558
RAB11A	TRAPPC6A	9606.ENSP00000261890	9606.ENSP00000006275	0	0	0	0	0.060	0.309	0	0.381	0.563
RAB11A	TYRP1	9606.ENSP00000261890	9606.ENSP00000373570	0	0	0	0	0.042	0.314	0	0.186	0.419
RAB11A	RACK1	9606.ENSP00000261890	9606.ENSP00000426909	0	0	0	0	0.058	0.070	0	0.441	0.468
RAB11A	RAB29	9606.ENSP00000261890	9606.ENSP00000356107	0	0	0.094	0.829	0.049	0	0	0.449	0.484
RAB11A	VPS33A	9606.ENSP00000261890	9606.ENSP00000267199	0	0	0	0	0.092	0.087	0	0.654	0.688
RAB11A	RAB1A	9606.ENSP00000261890	9606.ENSP00000387286	0	0	0.075	0.921	0.174	0.655	0	0.416	0.826
RAB11A	VPS33B	9606.ENSP00000261890	9606.ENSP00000327650	0	0	0	0	0.087	0.170	0	0.939	0.950
RAB11A	RAB11B	9606.ENSP00000261890	9606.ENSP00000333547	0	0	0.049	0.983	0.141	0.786	0.900	0.054	0.980
RAB11B	TRAPPC6A	9606.ENSP00000333547	9606.ENSP00000006275	0	0	0	0	0.057	0.309	0	0.187	0.424
RAB11B	RAB1A	9606.ENSP00000333547	9606.ENSP00000387286	0	0	0.076	0.920	0.136	0.729	0	0.122	0.785
RAB17	VPS33A	9606.ENSP00000264601	9606.ENSP00000267199	0	0	0	0	0	0.388	0	0.126	0.442
RAB17	VPS33B	9606.ENSP00000264601	9606.ENSP00000327650	0	0	0	0	0	0.388	0	0.146	0.455
RAB1A	TRAPPC6A	9606.ENSP00000387286	9606.ENSP00000006275	0	0	0	0	0.050	0.507	0.500	0.705	0.921
RAB1A	VPS33A	9606.ENSP00000387286	9606.ENSP00000267199	0	0	0	0	0.049	0.746	0	0.189	0.787
RAB1A	VPS33B	9606.ENSP00000387286	9606.ENSP00000327650	0	0	0	0	0.055	0.746	0	0.157	0.779
RAB27A	TYR	9606.ENSP00000379601	9606.ENSP00000263321	0	0	0	0	0.094	0.095	0	0.695	0.728
RAB27A	SLC45A2	9606.ENSP00000379601	9606.ENSP00000296589	0	0	0	0	0.061	0	0	0.627	0.634
RAB27A	VPS33B	9606.ENSP00000379601	9606.ENSP00000327650	0	0	0	0	0.049	0	0	0.518	0.522
RAB27A	SLC24A5	9606.ENSP00000379601	9606.ENSP00000341550	0	0	0	0	0.109	0	0	0.447	0.486
RAB27A	RAB32	9606.ENSP00000379601	9606.ENSP00000356465	0	0	0.095	0.745	0.070	0	0	0.396	0.448
RAB27A	TYRP1	9606.ENSP00000379601	9606.ENSP00000373570	0	0	0	0	0.100	0.046	0	0.531	0.563
RAB32	RAB38	9606.ENSP00000356465	9606.ENSP00000243662	0	0	0.059	0.963	0.067	0.622	0.400	0.071	0.781
RAB32	TYR	9606.ENSP00000356465	9606.ENSP00000263321	0	0	0	0	0.087	0	0	0.489	0.514
RAB32	TYRP1	9606.ENSP00000356465	9606.ENSP00000373570	0	0	0	0	0.083	0	0	0.465	0.489
RAB38	SLC45A2	9606.ENSP00000243662	9606.ENSP00000296589	0	0	0	0	0.076	0	0	0.418	0.440
RAB38	TYR	9606.ENSP00000243662	9606.ENSP00000263321	0	0	0	0	0.179	0	0	0.741	0.778
RAB38	TYRP1	9606.ENSP00000243662	9606.ENSP00000373570	0	0	0	0	0.136	0	0	0.823	0.841
SLC24A5	TYR	9606.ENSP00000341550	9606.ENSP00000263321	0	0	0	0	0.315	0	0	0.869	0.907
SLC24A5	SLC45A2	9606.ENSP00000341550	9606.ENSP00000296589	0	0	0	0	0.182	0	0	0.982	0.985
SLC24A5	TYRP1	9606.ENSP00000341550	9606.ENSP00000373570	0	0	0	0	0.190	0	0	0.881	0.899
SLC45A2	TYR	9606.ENSP00000296589	9606.ENSP00000263321	0	0	0	0	0.467	0.045	0	0.946	0.970
SLC45A2	SOX10	9606.ENSP00000296589	9606.ENSP00000380093	0	0	0	0	0.139	0	0	0.433	0.491
SLC45A2	TYRP1	9606.ENSP00000296589	9606.ENSP00000373570	0	0	0	0	0.420	0.045	0	0.933	0.959
SNAI2	TBX2	9606.ENSP00000020945	9606.ENSP00000240328	0	0	0	0	0.138	0.076	0	0.320	0.411
SNAI2	ZEB2	9606.ENSP00000020945	9606.ENSP00000487174	0	0	0	0.622	0.054	0	0	0.469	0.476
SNAI2	TYR	9606.ENSP00000020945	9606.ENSP00000263321	0	0	0	0	0.048	0.059	0	0.483	0.496
SNAI2	SOX10	9606.ENSP00000020945	9606.ENSP00000380093	0	0	0	0	0.060	0.053	0	0.842	0.847
SOX10	TYR	9606.ENSP00000380093	9606.ENSP00000263321	0	0	0	0	0.144	0.050	0	0.869	0.884
SOX10	TYRP1	9606.ENSP00000380093	9606.ENSP00000373570	0	0	0	0	0.116	0.050	0	0.741	0.764
SOX10	ZEB2	9606.ENSP00000380093	9606.ENSP00000487174	0	0	0	0	0.042	0.044	0	0.466	0.468
TH	TYR	9606.ENSP00000370571	9606.ENSP00000263321	0	0	0	0	0	0.045	0.900	0.650	0.963
TYR	ZEB2	9606.ENSP00000263321	9606.ENSP00000487174	0	0	0	0	0	0.045	0	0.426	0.428
TYR	TYRP1	9606.ENSP00000263321	9606.ENSP00000373570	0	0	0.086	0.897	0.760	0.259	0	0.437	0.896
VPS33A	VPS33B	9606.ENSP00000267199	9606.ENSP00000327650	0	0	0	0.797	0.180	0.098	0.900	0.281	0.939
